"","time","S_c1","C_c1","I_c1","VS_c1","VC_c1","S_h1","C_h1","I_h1","VS_h1","VC_h1","D_h1","CInc_1a","CInc_1b","CInc_1c","CInc_1d","col_adm","col_discharges","admissions","discharges"
"[31027,]",34674,63084.5884547871,15783.9318868697,0.897557419357651,0,0,931.465912573157,653.70245818173,15.5097096553517,0,0,13485.6187972669,1920986.80237326,29850.4665974981,29844.4581765896,31601.552162435,605517.453686511,3040269.57324975,7550721.16008733,7531828.59273367
