"","time","S_c1","C_c1","I_c1","VS_c1","VC_c1","S_h1","C_h1","I_h1","VS_h1","VC_h1","D_h1","CInc_1a","CInc_1b","CInc_1c","CInc_1d","col_adm","col_discharges","admissions","discharges"
"[31026,]",31025,72791.4817601532,7242.10641556729,0.411824277477872,0,0,236.901370527139,193.323662313246,5.77496715960553,0,0,5973.5215014852,1007101.24672842,15720.6851279104,15717.5816677889,11498.5403524243,252738.733919244,819211.010370485,1834494.13584151,1828816.67769772
