"","time","S_c1","C_c1","I_c1","VS_c1","VC_c1","S_h1","C_h1","I_h1","VS_h1","VC_h1","D_h1","CInc_1a","CInc_1b","CInc_1c","CInc_1d","col_adm","col_discharges","admissions","discharges"
"[31026,]",31025,78346.0636305563,1687.84038995555,0.0959794856918004,0,0,389.479149820396,45.1734609734187,1.34738920617367,0,0,3029.36614042011,508397.578498863,7980.40568285386,7978.94330932399,5821.65197933115,59486.9218397135,192006.40785801,1850210.26766139,1847458.32323417
