"","time","S_c1","C_c1","I_c1","VS_c1","VC_c1","S_h1","C_h1","I_h1","VS_h1","VC_h1","D_h1","CInc_1a","CInc_1b","CInc_1c","CInc_1d","col_adm","col_discharges","admissions","discharges"
"[31026,]",31025,79340.9124614697,693.048128161088,0.0394103632730345,-0.000000000000000000000000000000146130275510596,-0.00000000000000000000000000000000131452978584706,416.889201291367,18.5574351704439,0.553363538163752,-0.000000000000000000000000000000000768572958258404,-0.0000000000000000000000000000000000338774475367671,2520.68267297121,422315.524502679,6644.94344163115,6643.76628629456,4838.90032067055,26144.3920371498,83428.2004095553,1852925.65983591,1850679.17802095
